student_id,name,section,subject,quiz_score,assignment_score,exam_score
S01,Ahmad,Section A,Mathematics,85,90,88
S02,Fatima,Section A,Mathematics,92,,95
S03,Ali,Section B,Physics,70,65,60
S04,Zainab,Section B,Physics,abc,80,75
S05,Ahmad,Section A,Mathematics,85,90,88
S06,Usman,Section A,Computer Science,78,82,80
S07,Hira,Section A,Computer Science,88,91,93
S08,Bilal,Section B,Computer Science,65,70,
S09,Sara,Section B,Mathematics,74,78,72
S10,Hamza,Section A,Physics,80,,77
S11,Maryam,Section B,Physics,91,89,94
S12,Daniyal,Section A,Mathematics,60,55,58
S13,Ayesha,Section B,Computer Science,95,97,98
S14,Talha,Section B,Mathematics,82,80,85
S15,Noor,Section A,Physics,76,74,70
S16,Saad,Section A,Computer Science,,68,72
S17,Rabia,Section B,Mathematics,89,92,90
S18,Farhan,Section B,Physics,55,60,52
S19,Iqra,Section A,Computer Science,84,86,88
S20,Kashif,Section A,Mathematics,70,72,xyz
S21,Mehwish,Section B,Computer Science,79,81,83
S22,Waqar,Section B,Physics,68,,66
S23,Laiba,Section A,Mathematics,97,95,99
S24,Zain,Section A,Physics,72,70,68
S25,Anum,Section B,Computer Science,90,88,91
S26,Imran,Section B,Mathematics,63,60,
S27,Sana,Section A,Physics,85,83,87
S28,Rehan,Section A,Computer Science,71,75,74
S29,Komal,Section B,Physics,78,80,79
S30,Hassan,Section B,Mathematics,86,84,
S03,Ali,Section B,Physics,70,65,60
